{"Home Training loss": NaN, "_timestamp": 1722610655.5426009, "_runtime": 1481.155524969101, "_step": 95, "Away Training loss": NaN, "_wandb": {"runtime": 1517}}