{"Home Training loss": 0.06454892191616218, "_timestamp": 1722614713.2671983, "_runtime": 13.100146293640137, "_step": 1, "Away Training loss": 0.005200550654671612}