{"Home Training loss": NaN, "_timestamp": 1722613985.282183, "_runtime": 232.2885730266571, "_step": 31, "Away Training loss": NaN, "_wandb": {"runtime": 287}}