{"Home Training loss": 0.017088079015926315, "_timestamp": 1722609012.6732826, "_runtime": 63.84305763244629, "_step": 13, "Away Training loss": 4.390861066899739e-07, "_wandb": {"runtime": 62}}