{"Home Training loss": 0.04065575127792392, "_timestamp": 1722614080.556572, "_runtime": 16.652581930160522, "_step": 1, "Away Training loss": 0.00038350471677930096, "_wandb": {"runtime": 22}}